scheme_code,scheme_name,fund_house,category,latest_nav_date,latest_nav,latest_date,return_1y,return_3y,return_5y,volatility,score_1y,score_3y,score_5y,score
120403,Invesco India Midcap Fund - Direct Plan - Growth Option,Invesco Mutual Fund,mid_cap,2026-08-28,245.07,2026-08-28,14.326366859488694,25.717403348721724,21.66790416530848,16.10932497947056,77.77777777777779,97.82608695652173,97.5,91.71376811594203
120381,ICICI Prudential Mid Cap Fund - Direct Plan -  Growth,ICICI Prudential Mutual Fund,mid_cap,2026-08-28,399.3,2026-08-28,22.237188514051297,24.37682741647864,19.63979085972163,16.98241067698558,98.14814814814815,93.47826086956522,82.5,91.58574879227052
147704,Motilal Oswal Large and Midcap Fund - Direct Plan Growth,Motilal Oswal Mutual Fund,mid_cap,2026-08-28,41.7091,2026-08-28,17.605377650830523,24.150560082254515,20.405490096344693,19.403300632531128,90.74074074074075,91.30434782608695,90.0,90.74396135265701
140228,Edelweiss Mid Cap Fund - Direct Plan - Growth Option,Edelweiss Mutual Fund,mid_cap,2026-08-28,131.382,2026-08-28,13.51967857605738,23.037521973091437,20.56446586038687,17.16997104757844,74.07407407407408,89.13043478260869,92.5,85.6243961352657
142110,Mahindra Manulife Mid Cap Fund - Direct Plan -Growth,Mahindra Manulife Mutual Fund,mid_cap,2026-08-28,42.7532,2026-08-28,17.677886745920123,21.015993160211522,20.129419596318176,16.909524598798,92.5925925925926,78.26086956521739,87.5,85.33212560386474
148733,ITI Mid Cap Fund - Direct Plan - Growth Option,ITI Mutual Fund,mid_cap,2026-08-28,26.4687,2026-08-28,18.574615632727664,22.820811340799697,18.253982063044425,16.34328561639635,94.44444444444444,86.95652173913044,67.5,83.36594202898551
120357,Invesco India Large & Mid Cap Fund - Direct Plan - Growth,Invesco Mutual Fund,mid_cap,2026-08-28,133.7,2026-08-28,13.017751479289942,24.525448908707247,18.821079099972728,15.832269571692938,66.66666666666666,95.65217391304348,77.5,81.51086956521739
118668,Nippon India Growth Mid Cap Fund - Direct Plan Growth Plan - Growth Option,Nippon India Mutual Fund,mid_cap,2026-08-28,5045.8416,2026-08-28,13.21842865254823,20.798542525860285,20.0539839815562,16.786299427297216,70.37037037037037,76.08695652173914,85.0,77.04589371980677
119581,Sundaram Mid Cap Fund Direct Plan - Growth,Sundaram Mutual Fund,mid_cap,2026-08-28,1685.0337,2026-08-28,13.08954801662685,21.058005301494997,18.973609565532247,16.48031881137098,68.51851851851852,80.43478260869566,80.0,76.72946859903382
118989,HDFC Mid Cap Fund - Growth Option - Direct Plan,HDFC Mutual Fund,mid_cap,2026-08-28,237.066,2026-08-28,12.826248358049842,19.438200832770903,20.986555481053635,15.612435980740113,64.81481481481481,65.21739130434783,95.0,74.03140096618358
146772,HSBC Large & Mid Cap Fund - Direct Growth,HSBC Mutual Fund,mid_cap,2026-08-28,33.5895,2026-08-28,16.423233695652172,19.821644165476783,16.439577212824098,18.391411779700388,87.03703703703704,71.73913043478261,60.0,72.80676328502416
151036,HSBC Midcap Fund - Direct Growth,HSBC Mutual Fund,mid_cap,2026-08-28,547.8257,2026-08-28,26.345605210416203,26.343969203735472,,17.026631644484567,100.0,100.0,,70.0
147445,Mirae Asset Midcap Fund - Direct Plan - Growth,Mirae Asset Mutual Fund,mid_cap,2026-08-28,45.039,2026-08-28,16.881195827061823,18.339321517765427,17.481794076201762,17.99567191544632,88.88888888888889,56.52173913043478,65.0,68.77536231884058
127042,Motilal Oswal Midcap Fund-Direct Plan-Growth Option,Motilal Oswal Mutual Fund,mid_cap,2026-08-28,122.7784,2026-08-28,4.481584859418608,22.13829077717948,23.892720808241496,17.717067909589783,7.4074074074074066,84.78260869565217,100.0,66.13526570048309
119775,Kotak Mid Cap Fund - Direct Plan - Growth,Kotak Mahindra Mutual Fund,mid_cap,2026-08-28,173.634,2026-08-28,11.472484014277985,19.521622500231306,18.409080975612866,15.337601992583297,53.70370370370371,67.3913043478261,72.5,64.81763285024155
118419,Bandhan Large & Mid Cap Fund - Direct Plan - Growth,Bandhan Mutual Fund,mid_cap,2026-08-28,168.175,2026-08-28,9.451878270377234,19.827668565674152,18.262050583482026,15.811509186697089,35.18518518518518,73.91304347826086,70.0,61.1207729468599
119620,Aditya Birla Sun Life Midcap Fund - Growth - Direct Plan,Aditya Birla Sun Life Mutual Fund,mid_cap,2026-08-28,977.24,2026-08-28,14.062281152248012,17.648856802462866,16.127905404060527,16.147431118379412,75.92592592592592,47.82608695652174,57.49999999999999,59.158212560386474
150815,JM Mid Cap Fund (Direct) - Growth,JM Financial Mutual Fund,mid_cap,2026-08-28,23.0824,2026-08-28,16.151303043874265,21.22655244300733,,16.646095283769952,83.33333333333334,82.6086956521739,,58.04347826086956
150404,BANDHAN MID CAP FUND - GROWTH - DIRECT PLAN,Bandhan Mutual Fund,mid_cap,2026-08-28,20.798,2026-08-28,15.326605301097928,19.820673853929428,,14.91439667177579,81.48148148148148,69.56521739130434,,52.27053140096618
120596,ICICI Prudential Large & Mid Cap Fund - Direct Plan - Growth,ICICI Prudential Mutual Fund,mid_cap,2026-08-28,1200.52,2026-08-28,8.584401371188765,18.102108513384852,18.59481563706855,15.266094887989148,27.77777777777778,52.17391304347826,75.0,51.70289855072464
150212,BARODA BNP PARIBAS Mid Cap Fund - Direct Plan - Growth Option,Baroda BNP Paribas Mutual Fund,mid_cap,2026-08-28,137.0947,2026-08-28,16.410626977401364,18.916771095866093,,14.428134313495603,85.18518518518519,60.86956521739131,,49.90338164251209
119566,Sundaram Large and Midcap Fund Direct Plan - Growth,Sundaram Mutual Fund,mid_cap,2026-08-28,108.3387,2026-08-28,15.018148964834865,16.969167491697924,14.00560316586894,,79.62962962962963,41.30434782608695,30.0,49.41062801932367
120505,Axis Midcap Fund - Direct Plan - Growth,Axis Mutual Fund,mid_cap,2026-08-28,144.91,2026-08-28,11.38355111452729,18.11470376134794,14.691519237123863,,51.85185185185185,54.347826086956516,35.0,47.79468599033817
152002,LIC MF Mid Cap Fund-Direct Plan-Growth,LIC Mutual Fund,mid_cap,2026-08-28,35.8961,2026-08-28,13.3506167069805,18.448938138227746,,16.47763336356135,72.22222222222221,58.69565217391305,,45.14492753623188
140175,Edelweiss Large & Mid Cap Fund - Direct Plan - Growth Option,Edelweiss Mutual Fund,mid_cap,2026-08-28,110.351,2026-08-28,10.92893977623417,16.484341691415615,14.984474198371146,15.723860034378845,48.148148148148145,39.130434782608695,45.0,43.59661835748792
145110,Axis Large & Mid Cap Fund - Direct Plan - Growth,Axis Mutual Fund,mid_cap,2026-08-28,39.54,2026-08-28,11.505922165820648,17.313851514359378,13.708954391154403,14.603899183161543,55.55555555555556,45.65217391304348,27.500000000000004,43.17753623188406
118533,Franklin India Mid Cap Fund - Direct - Growth,Franklin Templeton Mutual Fund,mid_cap,2026-08-28,3248.5722,2026-08-28,7.226361420228367,17.83519764350874,15.640472732144573,15.337649899594204,20.37037037037037,50.0,55.00000000000001,42.611111111111114
147840,Mahindra Manulife Large & Mid Cap Fund - Direct Plan -Growth,Mahindra Manulife Mutual Fund,mid_cap,2026-08-28,32.0525,2026-08-28,11.727121255429074,14.62061951353213,14.958416632010806,17.767852858185126,62.96296296296296,21.73913043478261,42.5,40.33454106280193
150817,Canara Robeco Mid Cap Fund- Direct Plan- Growth Option,Canara Robeco Mutual Fund,mid_cap,2026-08-28,19.76,2026-08-28,11.073636874648685,18.918573575210917,,14.937401609394943,50.0,63.04347826086957,,40.21739130434783
119350,BANK OF INDIA Large & Mid Cap Fund Direct Plan-Growth,Bank of India Mutual Fund,mid_cap,2026-08-28,110.06,2026-08-28,11.690683986198502,15.803679462836563,13.46969358052097,16.063331143616278,61.111111111111114,30.434782608695656,20.0,36.507246376811594
119071,DSP Midcap Fund - Direct Plan - Growth,DSP Mutual Fund,mid_cap,2026-08-28,178.405,2026-08-28,10.366351578738996,16.420676723468276,13.645300377682211,16.132787558545754,42.592592592592595,36.95652173913043,25.0,35.06038647342995
120158,Kotak Large & Mid Cap Fund - Direct- Growth,Kotak Mahindra Mutual Fund,mid_cap,2026-08-28,414.628,2026-08-28,8.319900935521861,15.515364885446846,15.139907753499514,15.3509622888467,25.925925925925924,28.26086956521739,50.0,34.08212560386473
130498,HDFC Large & Mid Cap Fund - Growth Option - Direct Plan,HDFC Mutual Fund,mid_cap,2026-08-28,374.345,2026-08-28,7.179259598591359,15.109836517029795,16.46763948253951,16.663341390363705,18.51851851851852,23.91304347826087,62.5,33.8707729468599
118678,Nippon India Vision Large & Mid Cap Fund - Direct Plan Growth Plan - Growth Option,Nippon India Mutual Fund,mid_cap,2026-08-28,1649.7294,2026-08-28,6.689272981534677,17.027442877843146,14.838964402660505,17.166586981949923,14.814814814814813,43.47826086956522,40.0,33.835748792270536
148474,Baroda BNP Paribas Large and Mid Cap Fund- Direct Plan -Growth Option,Baroda BNP Paribas Mutual Fund,mid_cap,2026-08-28,30.6252,2026-08-28,8.829622785664792,15.809404848781949,14.754060772378264,14.90397288552795,29.629629629629626,32.608695652173914,37.5,33.182367149758456
119721,SBI LARGE & MIDCAP FUND -DIRECT PLAN -Growth,SBI Mutual Fund,mid_cap,2026-08-28,715.0686,2026-08-28,7.5556054258176575,14.605440041814322,15.083110335927241,15.021854062041424,22.22222222222222,19.565217391304348,47.5,28.742753623188406
119716,SBI MIDCAP FUND - DIRECT PLAN - GROWTH,SBI Mutual Fund,mid_cap,2026-08-28,276.5422,2026-08-28,9.826480783100177,13.123339746008744,15.358378894145975,15.115375575162588,37.03703703703704,4.3478260869565215,52.5,28.60024154589372
120726,UTI Mid Cap Fund-Growth Option- Direct,UTI Mutual Fund,mid_cap,2026-08-28,362.8909,2026-08-28,9.984436917994532,14.169436955106129,14.13024302959629,16.35286812007261,40.74074074074074,13.043478260869565,32.5,27.18961352657005
133710,LIC MF Large & Mid Cap Fund-Direct Plan-Growth,LIC Mutual Fund,mid_cap,2026-08-28,46.6155,2026-08-28,7.720233115961772,15.94409268236847,13.457143617028855,15.707284530708801,24.074074074074073,34.78260869565217,17.5,26.38526570048309
119436,Aditya Birla Sun Life Large & Mid Cap Fund - Growth - Direct Plan,Aditya Birla Sun Life Mutual Fund,mid_cap,2026-08-28,1096.89,2026-08-28,11.511091230709813,13.57813926465834,9.798337506571176,16.987928087952074,57.407407407407405,8.695652173913043,2.5,21.45048309178744
118834,Mirae Asset Large & Midcap Fund - Direct Plan - Growth,Mirae Asset Mutual Fund,mid_cap,2026-08-28,181.587,2026-08-28,9.834389819026402,14.295142960414431,12.593764813503917,16.102219120753023,38.88888888888889,15.217391304347828,10.0,20.7536231884058
119218,DSP Large & Mid Cap Fund - Direct Plan - Growth,DSP Mutual Fund,mid_cap,2026-08-28,706.848,2026-08-28,5.342159933949531,15.342924083609022,13.571117012067235,15.928941727464146,11.11111111111111,26.08695652173913,22.5,20.518115942028984
135677,Navi Large & Midcap Fund- Direct Plan- Growth Option,Navi Mutual Fund,mid_cap,2026-08-28,45.4655,2026-08-28,10.393347092387994,12.050395603767594,12.810600865147915,15.619178389282851,44.44444444444444,2.1739130434782608,15.0,18.702898550724637
118278,CANARA ROBECO LARGE AND MID CAP FUND - DIRECT PLAN - GROWTH OPTION,Canara Robeco Mutual Fund,mid_cap,2026-08-28,302.27,2026-08-28,3.644904676999028,14.40585708714921,12.460923040039006,16.389126132250986,5.555555555555555,17.391304347826086,7.5,10.873188405797102
125307,PGIM India Midcap Fund - Direct Plan - Growth Option,PGIM India Mutual Fund,mid_cap,2026-08-28,78.86,2026-08-28,4.96472780513777,13.454311415322584,12.70767729599649,16.645892689533405,9.25925925925926,6.521739130434782,12.5,9.13647342995169
